#{"t_start": 1683362011.3670552, "env_id": "gym_examples/GridWorld-v0"}
r,l,t
25410,67,2.202327
-1285,25,2.589716
-12735,267,6.56374
-1525,53,7.365811
-11860,256,11.182897
-7200,154,13.491477
-3145,76,14.639203
-765,14,14.859756
-4430,124,16.711811
