#{"t_start": 1683519288.107216, "env_id": "gym_examples/GridWorld-v0"}
r,l,t
-128302699,11333,178.084942
4932741,1820,206.34885
